Date,Credit
,
05/01/2022,
05/01/2022,
03/01/2022,
01/01/2022,"20,000.00"
01/01/2022,
28/12/2021,
28/12/2021,
28/12/2021,
22/12/2021,
21/12/2021,
01/12/2021,9.33
27/11/2021,
25/11/2021,
25/11/2021,
20/11/2021,
12/11/2021,
05/11/2021,
,"20,009.33"
,
