Date,Credit,Debit
,,
05/01/2022,,132.30
05/01/2022,,512.22
03/01/2022,,80.00
01/01/2022,"20,000.00","3,333.00"
01/01/2022,,"2,416.85"
28/12/2021,,100.00
28/12/2021,,150.00
28/12/2021,,177.00
22/12/2021,,177.00
21/12/2021,,"1,200.00"
01/12/2021,9.33,
27/11/2021,,270.00
25/11/2021,,"10,525.40"
25/11/2021,,"1,000.00"
20/11/2021,,280.00
12/11/2021,,"1,554.00"
05/11/2021,,"4,000.00"
,"20,009.33","25,907.77"
,,
